<?xml version="1.0"?>
<doc>
    <assembly>
        <name>SpriteImageParser.Core</name>
    </assembly>
    <members>
        <member name="T:SpriteImageParser.Core.Parser">
            <summary>
            A tooling class for detecting sprite regions in an image represented as a 2D array of pixels.
            </summary>
        </member>
        <member name="M:SpriteImageParser.Core.Parser.DetectSpritesInImage(SpriteImageParser.Core.Pixel[0:,0:],System.Int32,System.Nullable{SpriteImageParser.Core.Pixel})">
            <summary>
            Detects sprite regions in a given image represented as a 2D array of pixels.
            </summary>
            <param name="image">The 2D array of pixels to detect sprites in.</param>
            <param name="yTolerance">The variance in the Y axis to account for when grouping
            sprites together in a single row. (Plus/Minus N amount of pixels.)</param>
            <param name="transparencyMask">Optional; if provided, this pixel value will be taken
            as the transparency color for non-transparent images.</param>
            <returns>A list of <see cref="T:SpriteImageParser.Core.SpriteRegion"/>s with the locations and dimensions
            of all sprites found in the image.</returns>
        </member>
        <member name="M:SpriteImageParser.Core.Parser.GroupByRow(System.Collections.Generic.List{SpriteImageParser.Core.SpriteRegion},System.Int32)">
            <summary>
            Groups sprite regions by their Y coordinate, allowing for a specified tolerance.
            </summary>
            <param name="regions">The full list of detected sprite regions in an image.</param>
            <param name="yTolerance">The Y-axis potential variance to account for when grouping
            sprite groups.</param>
            <returns>A matrix of lists of <see cref="T:SpriteImageParser.Core.SpriteRegion"/> representing each row of
            sprites.</returns>
        </member>
        <member name="M:SpriteImageParser.Core.Parser.NormalizeSpriteRows(System.Collections.Generic.List{System.Collections.Generic.List{SpriteImageParser.Core.SpriteRegion}})">
            <summary>
            Normalizes the sprite regions in each row to have the same width and height, based
            on the dimensions of the largest sprite in the row.
            </summary>
            <param name="groupedRows">The list of sprite rows (represented as lists of
            <see cref="T:SpriteImageParser.Core.SpriteRegion"/>) that forms the spritesheet.</param>
        </member>
        <member name="M:SpriteImageParser.Core.Parser.FloodFill(SpriteImageParser.Core.Pixel[0:,0:],System.Int32,System.Int32,System.Boolean[0:,0:],System.Nullable{SpriteImageParser.Core.Pixel})">
            <summary>
            Performs a flood fill algorithm to find the bounding box of a sprite region.
            </summary>
            <param name="image">The 2D array of pixels to analyze via flood fill.</param>
            <param name="startX">The X coordinate of the array to start applying the flood fill from.</param>
            <param name="startY">The Y coordinate of the array to start applying the flood fill from.</param>
            <param name="visited">Whether particular pixels in the collection have been traversed or not.</param>
            <param name="mask">Optional; if the image is not transparent, a pixel color can be provided
            to use as a transparency mask color.</param>
            <returns>A <see cref="T:SpriteImageParser.Core.SpriteRegion"/> containing the full boundaries of the current sprite.</returns>
        </member>
        <member name="M:SpriteImageParser.Core.Parser.GetNeighbors(System.Int32,System.Int32,System.Int32,System.Int32)">
            <summary>
            Gets the neighboring pixels of a given pixel in an image.
            </summary>
            <param name="x">The X coordinate of the pixel.</param>
            <param name="y">The Y coordinate of the pixel.</param>
            <param name="width">The width of the image.</param>
            <param name="height">The height of the image.</param>
            <returns>A list of tuples representing the coordinates of the neighboring pixels.</returns>
        </member>
        <member name="T:SpriteImageParser.Core.Pixel">
            <summary>
            A representation of a single pixel in an image.
            </summary>
            <param name="r">The red component of the pixel color.</param>
            <param name="g">The green component of the pixel color.</param>
            <param name="b">The blue component of the pixel color.</param>
            <param name="a">The alpha component of the pixel color, used to
            determine transparency.</param>
        </member>
        <member name="M:SpriteImageParser.Core.Pixel.#ctor(System.Byte,System.Byte,System.Byte,System.Byte)">
            <summary>
            A representation of a single pixel in an image.
            </summary>
            <param name="r">The red component of the pixel color.</param>
            <param name="g">The green component of the pixel color.</param>
            <param name="b">The blue component of the pixel color.</param>
            <param name="a">The alpha component of the pixel color, used to
            determine transparency.</param>
        </member>
        <member name="F:SpriteImageParser.Core.Pixel.R">
            <summary>
            Represents the red component of the pixel color.
            </summary>
        </member>
        <member name="F:SpriteImageParser.Core.Pixel.G">
            <summary>
            Represents the green component of the pixel color.
            </summary>
        </member>
        <member name="F:SpriteImageParser.Core.Pixel.B">
            <summary> 
            Represents the blue component of the pixel color.
            </summary>
        </member>
        <member name="F:SpriteImageParser.Core.Pixel.A">
            <summary>
            Represents the alpha component of the pixel color, which determines its transparency.
            </summary>
        </member>
        <member name="P:SpriteImageParser.Core.Pixel.IsTransparent">
            <summary>
            True if the pixel is transparent, i.e. has an alpha value of 0.
            </summary>
        </member>
        <member name="T:SpriteImageParser.Core.SpriteRegion">
            <summary>
            A representation of a rectangular region in a spritesheet.
            </summary>
        </member>
        <member name="F:SpriteImageParser.Core.SpriteRegion.X">
            <summary>
            The X coordinate of the top-left corner of the sprite region.
            </summary>
        </member>
        <member name="F:SpriteImageParser.Core.SpriteRegion.Y">
            <summary>
            The Y coordinate of the top-left corner of the sprite region.
            </summary>
        </member>
        <member name="F:SpriteImageParser.Core.SpriteRegion.Width">
            <summary>
            The width of the sprite region in pixels.
            </summary>
        </member>
        <member name="F:SpriteImageParser.Core.SpriteRegion.Height">
            <summary>
            The height of the sprite region in pixels.
            </summary>
        </member>
        <member name="T:SpriteImageParser.Core.SpriteRegionExporter">
            <summary>
            A class for exporting a collection of sprite regions to JSON or XML.
            </summary>
        </member>
        <member name="M:SpriteImageParser.Core.SpriteRegionExporter.SerializeToJson(System.Collections.Generic.List{SpriteImageParser.Core.SpriteRegion},System.String,System.Nullable{System.Single},System.Int32)">
            <summary>
            Serializes a list of sprite regions to a JSON string.
            </summary>
            <param name="regions">The list of sprite regions to serialize.</param>
            <param name="frameName">The name of the frame to use in the JSON output.</param>
            <param name="duration">Optional; the duration for each sprite frame, if applicable.</param>
            <param name="yTolerance">The variance on the Y axis in pixels to determine whether a sprite 
            belongs to a group/row/action. Defaults to 3 pixels.</param>
            <returns>A JSON string representing the sprite regions provided.</returns>
        </member>
        <member name="M:SpriteImageParser.Core.SpriteRegionExporter.SerializeToJson(System.Collections.Generic.List{SpriteImageParser.Core.SpriteRegion})">
            <summary>
            Serializes a list of sprite regions to a JSON string with a default frame name and duration.
            </summary>
            <param name="regions">The list of sprite regions to serialize.</param>
            <returns>A JSON string representing the sprite regions provided.</returns>
        </member>
        <member name="M:SpriteImageParser.Core.SpriteRegionExporter.SerializeToXml(System.Collections.Generic.List{SpriteImageParser.Core.SpriteRegion},System.String,System.Nullable{System.Single},System.Int32)">
            <summary>
            Serializes a list of sprite regions to an XML string.
            </summary>
            <param name="regions">The list of sprite regions to serialize.</param>
            <param name="frameName">The name of the frame to use in the JSON output.</param>
            <param name="duration">Optional; the duration for each sprite frame, if applicable.</param>
            <param name="yTolerance">The variance on the Y axis in pixels to determine whether a sprite 
            belongs to a group/row/action. Defaults to 3 pixels.</param>
            <returns>An XML string representing the sprite regions provided.</returns>
        </member>
        <member name="M:SpriteImageParser.Core.SpriteRegionExporter.SerializeToXml(System.Collections.Generic.List{SpriteImageParser.Core.SpriteRegion})">
            <summary>
            Serializes a list of sprite regions to an XML string with a default frame name and duration.
            </summary>
            <param name="regions">The list of sprite regions to serialize.</param>
            <returns>An XML string representing the sprite regions provided.</returns>
        </member>
        <member name="M:SpriteImageParser.Core.SpriteRegionExporter.Beautify(System.Xml.XmlDocument)">
            <summary>
            Beautifies an XML document by formatting it with indentation and new lines.
            </summary>
            <param name="doc">The XML document to beautify.</param>
            <returns>A string representation of the XML document with beautified indentation.</returns>
        </member>
    </members>
</doc>
